{
    "ARG": 24.03529776061863,
    "AUS": 45.78681379166892,
    "AUT": 26.382676831212983,
    "AZE": 26.02229440795439,
    "BAN": 8.064555884123923,
    "BHU": 6.058402603298137,
    "BRA": 38.6460307553314,
    "CAN": 40.778984435154015,
    "CHA": 4.532979995001629,
    "CHI": 26.777313635405893,
    "CHN": 71.77233805702024,
    "COL": 24.680380677066278,
    "CUB": 32.90251174890537,
    "CZE": 29.991714495795758,
    "DEN": 28.970662285908453,
    "EGY": 32.6735071797424,
    "ESA": 8.317284798047925,
    "ESP": 36.964735572912204,
    "EST": 18.99059130574194,
    "FIN": 20.516242298368727,
    "FRA": 51.535331642242106,
    "GBR": 44.96330756950907,
    "GER": 40.581085144323076,
    "GUI": 8.82493171054468,
    "INA": 15.307944754982458,
    "IND": 28.299019630526466,
    "IRI": 25.58042288206908,
    "ISR": 24.953832873032322,
    "ISV": 8.100616077107848,
    "ITA": 47.997727544650026,
    "JPN": 57.50261762401887,
    "KAZ": 28.624229752768084,
    "KOR": 44.907569328536816,
    "LUX": 8.768116423225432,
    "MAS": 13.530135482073804,
    "MDA": 18.884007700558925,
    "MEX": 32.53104233218094,
    "MGL": 18.53080134642334,
    "NED": 40.74058606519593,
    "POL": 30.60960616736908,
    "PUR": 22.559256573019955,
    "ROU": 31.65428973192918,
    "RSA": 24.43401172187904,
    "SLO": 20.788580197758,
    "SMR": 12.014978165481837,
    "SVK": 15.792315506321117,
    "TPE": 25.160993664959594,
    "TUN": 25.33089850233388,
    "TUR": 33.98427628907417,
    "UKR": 38.37324618266579,
    "USA": 101.14042796506871,
    "UZB": 33.000799673526984,
    "VIE": 15.10095189593544,
    "AFG": 7.677695112640099,
    "ALB": 11.663887068178006,
    "ALG": 25.227393851921647,
    "AND": 2.514091037593441,
    "ANG": 9.997963563785527,
    "ANT": 7.867238555255773,
    "ARM": 15.199048769811162,
    "ASA": 5.3940386211278435,
    "BAH": 10.298597327706798,
    "BAR": 6.609582495686214,
    "BDI": 9.054917070674232,
    "BEL": 26.369295234764902,
    "BEN": 8.406954017788028,
    "BER": 8.881335439670217,
    "BIH": 7.8101562536696445,
    "BIZ": 2.514091037593441,
    "BOL": 7.052429042550134,
    "BOT": 12.63775385730206,
    "BRN": 22.698522560032316,
    "BRU": 6.1233319777609365,
    "BUL": 30.535676045374714,
    "BUR": 11.515384670183119,
    "CAF": 7.477796752306892,
    "CAM": 6.123297526275773,
    "CAY": 6.938107038981412,
    "CGO": 6.7483543146024365,
    "CIV": 8.511973972261853,
    "CMR": 8.361665970494382,
    "COD": 8.81134562215296,
    "COK": 5.3940386211278435,
    "COM": 6.12330622855416,
    "CPV": 11.05478507008159,
    "CRC": 7.477796752306892,
    "CRO": 30.8187035565874,
    "CYP": 13.956973330065065,
    "DJI": 8.95963213100045,
    "DMA": 15.46059648078647,
    "DOM": 23.070840074133386,
    "ECU": 22.33196334275261,
    "EOR": 19.64906502826347,
    "ERI": 7.9618110364369326,
    "ETH": 12.289002424771768,
    "FIJ": 10.180191634694376,
    "FSM": 6.123297526275773,
    "GAB": 8.418580500158582,
    "GAM": 9.799945335008728,
    "GBS": 9.11397391668739,
    "GEO": 22.728892893239685,
    "GEQ": 6.323181283470934,
    "GHA": 7.605107155762555,
    "GRE": 29.44269701969823,
    "GRN": 11.824914341896058,
    "GUA": 15.290250588321726,
    "GUM": 7.300921268943368,
    "GUY": 7.6774858308767975,
    "HAI": 9.446250247852058,
    "HKG": 20.058412372261735,
    "HON": 7.246740208668234,
    "HUN": 38.31042071958775,
    "IRL": 23.380082731523522,
    "IRQ": 8.192296214022146,
    "ISL": 7.686602829726152,
    "IVB": 4.810710179785862,
    "JAM": 9.93910983551493,
    "JOR": 11.406960486555779,
    "KEN": 13.014294403965042,
    "KGZ": 16.283603185227054,
    "KIR": 4.961937155783001,
    "KOS": 12.670472142523804,
    "KSA": 7.8927766980435745,
    "KUW": 12.597554961618275,
    "LAO": 6.449107307913858,
    "LAT": 12.686494958643355,
    "LBA": 9.794620845847628,
    "LBR": 4.182249107028048,
    "LCA": 15.954867108519153,
    "LES": 4.283535757876079,
    "LTU": 18.08668523605315,
    "MAD": 10.125332962345333,
    "MAR": 21.58222835995254,
    "MAW": 6.123297526275773,
    "MDV": 7.345814028969569,
    "MHL": 7.216592920020663,
    "MKD": 10.51624451015367,
    "MLI": 8.353318435052822,
    "MLT": 8.7547426263983,
    "MNE": 8.87754273378356,
    "MON": 8.674702436427957,
    "MOZ": 9.6261551348586,
    "MRI": 10.459401573139719,
    "MTN": 5.3940386211278435,
    "NAM": 3.1294083878224153,
    "NCA": 10.05585912961902,
    "NEP": 9.97721707801453,
    "NGR": 17.04302256664579,
    "NIG": 10.465223936784916,
    "NOR": 31.373904857984122,
    "NRU": 2.514091037593441,
    "NZL": 33.36484833929469,
    "OMA": 7.600090262286838,
    "PAK": 17.406522230262624,
    "PAN": 11.373664001297552,
    "PAR": 10.956220171976138,
    "PER": 15.99153944857102,
    "PHI": 17.520480785121592,
    "PLE": 11.56348357674497,
    "PLW": 6.1233319777609365,
    "PNG": 9.293209654397442,
    "POR": 18.67408147687138,
    "PRK": 14.753165944575008,
    "QAT": 13.18441929191696,
    "RWA": 8.365409360418692,
    "SAM": 12.020507718143431,
    "SEN": 11.737982441203949,
    "SEY": 6.123297526275773,
    "SGP": 16.377955713362706,
    "SKN": 6.3231701374022045,
    "SLE": 7.477856952998831,
    "SOL": 5.394012871921067,
    "SOM": 2.5140652883866648,
    "SRB": 28.871576702955867,
    "SRI": 8.202532418644523,
    "SSD": 3.764784963268742,
    "STP": 3.8686160128313354,
    "SUD": 7.524113408411372,
    "SUI": 27.828326121814737,
    "SUR": 6.7207238024367175,
    "SWE": 30.06849925725373,
    "SWZ": 6.123297526275773,
    "SYR": 9.209450577762077,
    "TAN": 8.406954017788028,
    "TGA": 7.162628207824966,
    "THA": 24.610433470748994,
    "TJK": 15.583845909879772,
    "TKM": 8.973498429803747,
    "TLS": 6.963610730284051,
    "TOG": 7.7107905057838515,
    "TTO": 7.958942741694946,
    "TUV": 3.443222553867802,
    "UAE": 8.82478722341298,
    "UGA": 14.083712390450067,
    "URU": 12.141087027569922,
    "VAN": 9.196174683585221,
    "VEN": 21.782699721994096,
    "VIN": 7.052429042550134,
    "YEM": 8.025484615320067,
    "ZAM": 12.048741232839157,
    "ZIM": 9.137233324374499,
    "MYA": 3.4773728464163716,
    "LBN": 9.59409136737044,
    "AIN": 15.592833594249779,
    "ARU": 5.926186254392604
}