{
    "ARG": 24.07306441858591,
    "AUS": 39.17008808307233,
    "AUT": 26.19475912887959,
    "AZE": 24.987762155483882,
    "BAN": 8.34244773118759,
    "BHU": 6.285880693344508,
    "BRA": 37.05038673800953,
    "CAN": 34.85064268791199,
    "CHA": 4.6480829430972825,
    "CHI": 21.541001438670037,
    "CHN": 67.6176766269576,
    "COL": 26.2366147527639,
    "CUB": 36.233152955946125,
    "CZE": 32.76836729483093,
    "DEN": 27.91918905519235,
    "EGY": 32.96824453646377,
    "ESA": 8.478927201793855,
    "ESP": 36.417299016530315,
    "EST": 22.566448005596,
    "FIN": 21.447472614336252,
    "FRA": 28.480670656527682,
    "GBR": 39.657490791162786,
    "GER": 34.21502882933903,
    "GUI": 9.01984182223227,
    "INA": 15.771856952182265,
    "IND": 30.455016319119647,
    "IRI": 24.377513809385075,
    "ISR": 23.504536692741127,
    "ISV": 8.322729868230226,
    "ITA": 44.215309817840314,
    "JPN": 54.56781875350623,
    "KAZ": 29.435875931988296,
    "KOR": 41.34153827646362,
    "LUX": 9.066602898468783,
    "MAS": 12.92776526731316,
    "MDA": 17.034844623376706,
    "MEX": 30.320441118684975,
    "MGL": 19.728004859722407,
    "NED": 37.886413937844395,
    "POL": 25.850938297200372,
    "PUR": 25.672731318060492,
    "ROU": 29.322356984409613,
    "RSA": 22.947488553477537,
    "SLO": 20.03853279874029,
    "SMR": 12.619608526549868,
    "SVK": 18.044689106260787,
    "TPE": 26.445880297236048,
    "TUN": 30.593756454952306,
    "TUR": 35.09666897070785,
    "UKR": 37.17912732578803,
    "USA": 68.6549437872375,
    "UZB": 29.828056588572846,
    "VIE": 15.44364746006153,
    "AFG": 7.888288815172699,
    "ALB": 10.48644707017254,
    "ALG": 23.494033807894912,
    "AND": 2.630360150277999,
    "ANG": 10.31860693467251,
    "ANT": 8.106519258651428,
    "ARM": 15.914156303604706,
    "ASA": 5.607046490872099,
    "BAH": 11.674683039243515,
    "BAR": 6.834025516650411,
    "BDI": 9.649320343183085,
    "BEL": 23.873562357067616,
    "BEN": 8.619193285376667,
    "BER": 9.581800048087679,
    "BIH": 8.006357878110233,
    "BIZ": 2.630360150277999,
    "BOL": 7.280304695029791,
    "BOT": 9.578617379842175,
    "BRN": 14.405616971175327,
    "BRU": 6.337959067307869,
    "BUL": 28.35311645215963,
    "BUR": 10.580561864181963,
    "CAF": 7.676853856537816,
    "CAM": 6.337950961076066,
    "CAY": 7.164165524697703,
    "CGO": 6.9859661180130725,
    "CIV": 9.122240603475472,
    "CMR": 9.224182948302829,
    "COD": 9.065395194620887,
    "COK": 5.607046490872099,
    "COM": 6.337975398980696,
    "CPV": 10.371350032092394,
    "CRC": 7.676853856537816,
    "CRO": 33.33513951470744,
    "CYP": 13.681760589000822,
    "DJI": 9.192824100347137,
    "DMA": 7.280304695029791,
    "DOM": 23.977859649908687,
    "ECU": 19.679006091452077,
    "EOR": 19.060997989562985,
    "ERI": 6.871989628815136,
    "ETH": 12.278035110911343,
    "FIJ": 10.408272595507768,
    "FSM": 6.337950961076066,
    "GAB": 9.135123704637449,
    "GAM": 10.022451383540561,
    "GBS": 9.336284045451977,
    "GEO": 24.2127087052035,
    "GEQ": 6.549377932688365,
    "GHA": 7.8539355100002615,
    "GRE": 28.34100094031154,
    "GRN": 8.987707416613667,
    "GUA": 13.471006320150106,
    "GUM": 7.327641973255275,
    "GUY": 7.928319851966798,
    "HAI": 9.712031206595178,
    "HKG": 19.856136549578252,
    "HON": 7.486656894074645,
    "HUN": 38.34746450104634,
    "IRL": 23.430272791350696,
    "IRQ": 8.263320276440375,
    "ISL": 7.948211640821505,
    "IVB": 4.972559262823832,
    "JAM": 9.068370246828167,
    "JOR": 12.18524644556907,
    "KEN": 12.42785604096784,
    "KGZ": 13.674925421234605,
    "KIR": 4.951984194196648,
    "KOS": 13.239510813103045,
    "KSA": 8.10994211101297,
    "KUW": 12.873879592822307,
    "LAO": 6.690628550025746,
    "LAT": 15.243304085011562,
    "LBA": 9.931102937172469,
    "LBR": 4.350339928860357,
    "LCA": 7.375614788447462,
    "LES": 4.402341167425149,
    "LTU": 17.15234076987498,
    "MAD": 10.249943895885448,
    "MAR": 20.70420243543383,
    "MAW": 6.337950961076066,
    "MDV": 7.587716890043698,
    "MHL": 7.320700719762716,
    "MKD": 12.204497600401245,
    "MLI": 8.595065907137629,
    "MLT": 9.00248781394718,
    "MNE": 9.231978361373853,
    "MON": 8.878718498156369,
    "MOZ": 9.891609758242524,
    "MRI": 10.68453219312649,
    "MTN": 5.607046490872099,
    "NAM": 5.858943038508828,
    "NCA": 10.287266206737323,
    "NEP": 10.252241374950822,
    "NGR": 17.375431999576,
    "NIG": 10.552427678783175,
    "NOR": 29.87112280252295,
    "NRU": 2.630360150277999,
    "NZL": 32.63607017931147,
    "OMA": 7.875048487350064,
    "PAK": 9.274514110314623,
    "PAN": 11.258148049492988,
    "PAR": 11.009698828207434,
    "PER": 15.835541720539885,
    "PHI": 19.37414921995512,
    "PLE": 11.867306752312842,
    "PLW": 6.33796109386582,
    "PNG": 9.445764378629601,
    "POR": 18.846748533534516,
    "PRK": 11.95735141250042,
    "QAT": 16.862142257766536,
    "RWA": 8.586235094596669,
    "SAM": 12.21332317506089,
    "SEN": 11.976396940044445,
    "SEY": 6.337950961076066,
    "SGP": 16.12296852628655,
    "SKN": 6.549400224825824,
    "SLE": 7.676849684212694,
    "SOL": 5.607060795986975,
    "SOM": 2.6303744553928747,
    "SRB": 29.67448283268949,
    "SRI": 8.455676149241134,
    "SSD": 3.922170850155034,
    "STP": 3.969248740624874,
    "SUD": 7.687391214916808,
    "SUI": 28.696547218977727,
    "SUR": 6.939691600316937,
    "SWE": 27.768343353556332,
    "SWZ": 6.337950961076066,
    "SYR": 9.401934183727937,
    "TAN": 8.619193285376667,
    "TGA": 7.43079901508433,
    "THA": 23.087363734945054,
    "TJK": 16.156466823782225,
    "TKM": 9.520423439532992,
    "TLS": 7.167578244269491,
    "TOG": 7.907317333182777,
    "TTO": 8.843809522318356,
    "TUV": 3.5727138842317245,
    "UAE": 9.360514943668749,
    "UGA": 12.732443312076288,
    "URU": 12.358409855889512,
    "VAN": 9.307604467046596,
    "VEN": 24.358505701588157,
    "VIN": 7.280304695029791,
    "YEM": 8.271592612265728,
    "ZAM": 10.342410918979,
    "ZIM": 10.30430349013651,
    "MYA": 3.5784269798349717,
    "LBN": 9.783736927956515,
    "AIN": 12.836320214235428,
    "ARU": 6.0844292856708675
}